{
  "ticket_type_accuracy": 0.32,
  "ticket_type_macro_f1": 0.1784126984126984,
  "topic_accuracy": 0.013333333333333334,
  "topic_macro_f1": 0.02857142857142857,
  "urgency_accuracy": 0.4533333333333333,
  "urgency_macro_f1": 0.295124716553288,
  "tag_precision": 0.0017667844522968198,
  "tag_recall": 0.0013245033112582781,
  "tag_f1": 0.001514004542013626,
  "exact_match": 0.0,
  "exact_match_without_tags": 0.0,
  "json_validity": 1.0,
  "schema_validity": 0.006666666666666667
}