{
  "ticket_type_accuracy": 0.78,
  "ticket_type_macro_f1": 0.6615530303030304,
  "topic_accuracy": 0.42,
  "topic_macro_f1": 0.3260079051383399,
  "urgency_accuracy": 0.43333333333333335,
  "urgency_macro_f1": 0.32370930955836613,
  "tag_precision": 0.6666666666666666,
  "tag_recall": 0.5748344370860927,
  "tag_f1": 0.6173541963015649,
  "exact_match": 0.013333333333333334,
  "exact_match_without_tags": 0.17333333333333334,
  "json_validity": 1.0,
  "schema_validity": 1.0
}